<?xml version="1.0" encoding="utf-8"?>
<!--/1773879/1864337/2.50/8/3/Relay or Contactor/-->
<quadcept_library>
  <setting unit="mil" />
  <textstyle name="Default" height="47.244094488189" strokewidth="7.8740157480315" charwidth="47.244094488189" />
  <textstyle name="Dimension" height="19.6850393700787" strokewidth="0" charwidth="19.6850393700787" />
  <textstyle name="H127W0635TH00762" height="50" strokewidth="3" charwidth="25" />
  <textstyle name="H15W15TH02" height="59.0551181102362" strokewidth="7.8740157480315" charwidth="59.0551181102362" />
  <padstyle name="r165_70" surface="True" plated="False" isvia="False" nopaste="False" nomask="True" complex="False" holesize="0">
    <padshape layer="TOP" shape="rectangle" width="27.55905511811" height="64.960629921259" />
    <padshape layer="TOP_SOLDER_MASK" shape="rectangle" width="35.433070866141" height="72.83464566929" />
    <padshape layer="TOP_SOLDER_PASTE" shape="rectangle" width="27.55905511811" height="64.960629921259" />
  </padstyle>
  <footprint name="SOP254P952X457-8N" originx="0" originy="0" pickpointx="0" pickpointy="0">
    <pcbpin number="1" name="1" style="r165_70" originx="-174.21259842519" originy="150" rotation="90" />
    <pcbpin number="2" name="2" style="r165_70" originx="-174.21259842519" originy="49.999999999999" rotation="90" />
    <pcbpin number="3" name="3" style="r165_70" originx="-174.21259842519" originy="-49.999999999999" rotation="90" />
    <pcbpin number="4" name="4" style="r165_70" originx="-174.21259842519" originy="-150" rotation="90" />
    <pcbpin number="5" name="5" style="r165_70" originx="174.21259842519" originy="-150" rotation="90" />
    <pcbpin number="6" name="6" style="r165_70" originx="174.21259842519" originy="-49.999999999999" rotation="90" />
    <pcbpin number="7" name="7" style="r165_70" originx="174.21259842519" originy="49.999999999999" rotation="90" />
    <pcbpin number="8" name="8" style="r165_70" originx="174.21259842519" originy="150" rotation="90" />
    <line layer="TOP_PLACE_BOUND" originx="-216.53543307086" originy="207.32283464567" endx="216.53543307086" endy="207.32283464567" width="1.9685039370079" />
    <line layer="TOP_PLACE_BOUND" originx="216.53543307086" originy="207.32283464567" endx="216.53543307086" endy="-207.32283464567" width="1.9685039370079" />
    <line layer="TOP_PLACE_BOUND" originx="216.53543307086" originy="-207.32283464567" endx="-216.53543307086" endy="-207.32283464567" width="1.9685039370079" />
    <line layer="TOP_PLACE_BOUND" originx="-216.53543307086" originy="-207.32283464567" endx="-216.53543307086" endy="207.32283464567" width="1.9685039370079" />
    <line layer="TOP_ASSEMBLY" originx="-125" originy="190" endx="125" endy="190" width="3.9370078740157" />
    <line layer="TOP_ASSEMBLY" originx="125" originy="190" endx="125" endy="-190" width="3.9370078740157" />
    <line layer="TOP_ASSEMBLY" originx="125" originy="-190" endx="-125" endy="-190" width="3.9370078740157" />
    <line layer="TOP_ASSEMBLY" originx="-125" originy="-190" endx="-125" endy="190" width="3.9370078740157" />
    <line layer="TOP_ASSEMBLY" originx="-125" originy="89.999999999999" endx="-25" endy="190" width="3.9370078740157" />
    <line layer="TOP_SILKSCREEN" originx="-127.95275590551" originy="190" endx="127.95275590551" endy="190" width="7.8740157480314" />
    <line layer="TOP_SILKSCREEN" originx="127.95275590551" originy="190" endx="127.95275590551" endy="-190" width="7.8740157480314" />
    <line layer="TOP_SILKSCREEN" originx="127.95275590551" originy="-190" endx="-127.95275590551" endy="-190" width="7.8740157480314" />
    <line layer="TOP_SILKSCREEN" originx="-127.95275590551" originy="-190" endx="-127.95275590551" endy="190" width="7.8740157480314" />
    <line layer="TOP_SILKSCREEN" originx="-206.69291338582" originy="177.55905511811" endx="-141.73228346457" endy="177.55905511811" width="7.8740157480314" />
  </footprint>
  <symbol name="LAA108STR" originx="0" originy="0">
    <line originx="200" originy="100" endx="2600" endy="100" width="0" />
    <line originx="2600" originy="-400" endx="2600" endy="100" width="0" />
    <line originx="2600" originy="-400" endx="200" endy="-400" width="0" />
    <line originx="200" originy="100" endx="200" endy="-400" width="0" />
    <sympin number="1" originx="200" originy="0" rotation="180" length="100" width="7.8740157480315" flipped="False">
      <text name="pinname" originx="230" originy="0" style="Default" rotation="0" justify="left" flipped="False" hidden="False" data="+_CONTROL_-_SWITCH_#1" />
      <text name="pindes" originx="140" originy="20" style="Default" rotation="0" justify="lowerright" flipped="False" hidden="False" data="1" />
    </sympin>
    <sympin number="2" originx="200" originy="-100" rotation="180" length="100" width="7.8740157480315" flipped="False">
      <text name="pinname" originx="230" originy="-100" style="Default" rotation="0" justify="left" flipped="False" hidden="False" data="-_CONTROL_-_SWITCH_#1" />
      <text name="pindes" originx="140" originy="-80" style="Default" rotation="0" justify="lowerright" flipped="False" hidden="False" data="2" />
    </sympin>
    <sympin number="3" originx="200" originy="-200" rotation="180" length="100" width="7.8740157480315" flipped="False">
      <text name="pinname" originx="230" originy="-200" style="Default" rotation="0" justify="left" flipped="False" hidden="False" data="+_CONTROL_-_SWITCH_#2" />
      <text name="pindes" originx="140" originy="-180" style="Default" rotation="0" justify="lowerright" flipped="False" hidden="False" data="3" />
    </sympin>
    <sympin number="4" originx="200" originy="-300" rotation="180" length="100" width="7.8740157480315" flipped="False">
      <text name="pinname" originx="230" originy="-300" style="Default" rotation="0" justify="left" flipped="False" hidden="False" data="-_CONTROL_-_SWITCH_#2" />
      <text name="pindes" originx="140" originy="-280" style="Default" rotation="0" justify="lowerright" flipped="False" hidden="False" data="4" />
    </sympin>
    <sympin number="8" originx="2600" originy="0" rotation="0" length="100" width="7.8740157480315" flipped="False">
      <text name="pinname" originx="2570" originy="0" style="Default" rotation="0" justify="right" flipped="False" hidden="False" data="LOAD_-_SWITCH_#1_2" />
      <text name="pindes" originx="2660" originy="20" style="Default" rotation="0" justify="lowerleft" flipped="False" hidden="False" data="8" />
    </sympin>
    <sympin number="7" originx="2600" originy="-100" rotation="0" length="100" width="7.8740157480315" flipped="False">
      <text name="pinname" originx="2570" originy="-100" style="Default" rotation="0" justify="right" flipped="False" hidden="False" data="LOAD_-_SWITCH_#1_1" />
      <text name="pindes" originx="2660" originy="-80" style="Default" rotation="0" justify="lowerleft" flipped="False" hidden="False" data="7" />
    </sympin>
    <sympin number="6" originx="2600" originy="-200" rotation="0" length="100" width="7.8740157480315" flipped="False">
      <text name="pinname" originx="2570" originy="-200" style="Default" rotation="0" justify="right" flipped="False" hidden="False" data="LOAD_-_SWITCH_#2_2" />
      <text name="pindes" originx="2660" originy="-180" style="Default" rotation="0" justify="lowerleft" flipped="False" hidden="False" data="6" />
    </sympin>
    <sympin number="5" originx="2600" originy="-300" rotation="0" length="100" width="7.8740157480315" flipped="False">
      <text name="pinname" originx="2570" originy="-300" style="Default" rotation="0" justify="right" flipped="False" hidden="False" data="LOAD_-_SWITCH_#2_1" />
      <text name="pindes" originx="2660" originy="-280" style="Default" rotation="0" justify="lowerleft" flipped="False" hidden="False" data="5" />
    </sympin>
  </symbol>
  <component name="LAA108STR" designatorprefix="K" height="180" footprint="SOP254P952X457-8N">
    <comppin designator="1" sympin="1" pinswap="0" gateswap="0" gate="1" group="1" side="" type="Any" name="+_CONTROL_-_SWITCH_#1" />
    <comppin designator="2" sympin="2" pinswap="0" gateswap="0" gate="1" group="1" side="" type="Any" name="-_CONTROL_-_SWITCH_#1" />
    <comppin designator="3" sympin="3" pinswap="0" gateswap="0" gate="1" group="1" side="" type="Any" name="+_CONTROL_-_SWITCH_#2" />
    <comppin designator="4" sympin="4" pinswap="0" gateswap="0" gate="1" group="1" side="" type="Any" name="-_CONTROL_-_SWITCH_#2" />
    <comppin designator="5" sympin="5" pinswap="0" gateswap="0" gate="1" group="1" side="" type="Any" name="LOAD_-_SWITCH_#2_1" />
    <comppin designator="6" sympin="6" pinswap="0" gateswap="0" gate="1" group="1" side="" type="Any" name="LOAD_-_SWITCH_#2_2" />
    <comppin designator="7" sympin="7" pinswap="0" gateswap="0" gate="1" group="1" side="" type="Any" name="LOAD_-_SWITCH_#1_1" />
    <comppin designator="8" sympin="8" pinswap="0" gateswap="0" gate="1" group="1" side="" type="Any" name="LOAD_-_SWITCH_#1_2" />
    <attached_symbol gate="1" name="LAA108STR" />
    <pinmap designator="1" footprintpin="1" />
    <pinmap designator="2" footprintpin="2" />
    <pinmap designator="3" footprintpin="3" />
    <pinmap designator="4" footprintpin="4" />
    <pinmap designator="5" footprintpin="5" />
    <pinmap designator="6" footprintpin="6" />
    <pinmap designator="7" footprintpin="7" />
    <pinmap designator="8" footprintpin="8" />
    <text name="Datasheet" originx="0" originy="0" style="Default" rotation="0" justify="" flipped="False" hidden="True" data="https://www.ixysic.com/home/pdfs.nsf/www/LAA108.pdf/$file/LAA108.pdf" />
    <text name="Description" originx="0" originy="0" style="Default" rotation="0" justify="" flipped="False" hidden="True" data="Solid State SPST-NO (1 Form A) x 2 8-SMD (0.300&quot;, 7.62mm)" />
    <text name="Mouser Part Number" originx="0" originy="0" style="Default" rotation="0" justify="" flipped="False" hidden="True" data="849-LAA108STR" />
    <text name="Mouser Price/Stock" originx="0" originy="0" style="Default" rotation="0" justify="" flipped="False" hidden="True" data="https://www.mouser.co.uk/ProductDetail/IXYS-Integrated-Circuits/LAA108STR?qs=OpMkDkHXivM0qwe7BHe4OQ%3D%3D" />
    <text name="Manufacturer_Name" originx="0" originy="0" style="Default" rotation="0" justify="" flipped="False" hidden="True" data="LITTELFUSE" />
    <text name="Manufacturer_Part_Number" originx="2650" originy="200" style="Default" rotation="0" justify="left" flipped="False" hidden="False" data="LAA108STR" />
  </component>
</quadcept_library>
